job_id,backend,setup,pbc,integrator,ps,nsteps,nsteps_target,status,temp_mean_K,temp_end_K,energy_drift,wall_s,notes
ase_pbc_nve,ase,pbc_nve,True,nve,2.0,,8000,missing,,,,,suite_summary.json not found
ase_pbc_nvt_langevin,ase,pbc_nvt,True,nvt_langevin,2.0,,8000,missing,,,,,suite_summary.json not found
ase_pbc_nvt_nhc,ase,pbc_nvt,True,nvt_nhc,2.0,,8000,missing,,,,,suite_summary.json not found
ase_vac_nve,ase,free_nve,False,nve,2.0,,8000,missing,,,,,suite_summary.json not found
ase_vac_nvt_langevin,ase,free_nvt,False,nvt_langevin,2.0,,8000,missing,,,,,suite_summary.json not found
ase_vac_nvt_nhc,ase,free_nvt,False,nvt_nhc,2.0,,8000,missing,,,,,suite_summary.json not found
jaxmd_pbc_npt,jaxmd,pbc_npt,True,npt_nhc,2.0,,8000,missing,,,,,suite_summary_jaxmd.json not found
jaxmd_pbc_nve,jaxmd,pbc_nve,True,nve,2.0,,8000,missing,,,,,suite_summary_jaxmd.json not found
jaxmd_pbc_nvt,jaxmd,pbc_nvt,True,nvt_nhc,2.0,,8000,missing,,,,,suite_summary_jaxmd.json not found
jaxmd_vac_nve,jaxmd,free_nve,False,nve,2.0,,8000,missing,,,,,suite_summary_jaxmd.json not found
jaxmd_vac_nvt,jaxmd,free_nvt,False,nvt_nhc,2.0,8000,8000,pass,300.0,,,,
pycharmm_pbc_nve,pycharmm,pbc_nve,True,nve,2.0,100,8000,fail,,,,,restart_step=100
pycharmm_vac_heat_hoover,pycharmm,free_nvt,False,heat_hoover,2.0,8000,8000,pass,,,,,
pycharmm_vac_heat_scale,pycharmm,free_nvt,False,heat_scale,2.0,2000,8000,fail,,,,,possible echeck abort
pycharmm_vac_nve,pycharmm,free_nve,False,nve,2.0,2000,8000,fail,,,,,possible echeck abort
